{"loss": [0.9351621270179749, 0.4564337730407715, 0.43566298484802246, 0.42731520533561707, 0.42341348528862, 0.41956961154937744, 0.4174375832080841, 0.41754278540611267], "accuracy": [0.5747407674789429, 0.8433703780174255, 0.8494629859924316, 0.8534907698631287, 0.854101836681366, 0.8551944494247437, 0.8569352030754089, 0.8557407259941101], "val_loss": [0.5015299320220947, 0.44583776593208313, 0.4480459690093994, 0.43813616037368774, 0.4333987236022949, 0.4344812333583832, 0.4338972270488739, 0.43959715962409973], "val_accuracy": [0.8049166798591614, 0.8368333578109741, 0.8336666822433472, 0.8391666412353516, 0.8419166803359985, 0.8432499766349792, 0.840749979019165, 0.8373333215713501]}