{"loss": [1.204770803451538, 0.9259377717971802, 0.9146016836166382, 0.9115689992904663, 0.9077825546264648, 0.9066831469535828, 0.9062002897262573, 0.9057453274726868, 0.9056506752967834], "accuracy": [0.42440739274024963, 0.6194999814033508, 0.6252685189247131, 0.6261018514633179, 0.6285092830657959, 0.6284258961677551, 0.6289536952972412, 0.6296481490135193, 0.6283981204032898], "val_loss": [0.9814815521240234, 0.9521217346191406, 0.9504820704460144, 0.9520859122276306, 0.9490405321121216, 0.9423144459724426, 0.9507911205291748, 0.9471324682235718, 0.9439089894294739], "val_accuracy": [0.5944166779518127, 0.6087499856948853, 0.609083354473114, 0.6078333258628845, 0.609083354473114, 0.6152499914169312, 0.6073333621025085, 0.6151666641235352, 0.6135833263397217]}