{"loss": [0.8507975339889526, 0.4466265141963959, 0.42469313740730286, 0.41814079880714417, 0.41397395730018616, 0.4116514325141907], "accuracy": [0.6586944460868835, 0.8497037291526794, 0.8557222485542297, 0.8566851615905762, 0.8582777976989746, 0.8585740923881531], "val_loss": [0.4728650748729706, 0.43547314405441284, 0.4289010763168335, 0.43945157527923584, 0.4326436221599579, 0.432146281003952], "val_accuracy": [0.8315833210945129, 0.844083309173584, 0.8442500233650208, 0.8386666774749756, 0.8389166593551636, 0.8414999842643738]}