{"loss": [0.7082082033157349, 0.43647000193595886, 0.42704227566719055, 0.42228537797927856, 0.4197743833065033, 0.41856515407562256, 0.41842299699783325], "accuracy": [0.7092962861061096, 0.8508333563804626, 0.8529258966445923, 0.8547499775886536, 0.8557778000831604, 0.8558796048164368, 0.8560740947723389], "val_loss": [0.44535067677497864, 0.43420565128326416, 0.43208932876586914, 0.4258268177509308, 0.43659457564353943, 0.43292945623397827, 0.4336301386356354], "val_accuracy": [0.8373333215713501, 0.840583324432373, 0.8424999713897705, 0.8458333611488342, 0.8386666774749756, 0.8415833115577698, 0.8392500281333923]}