{"loss": [1.091812014579773, 0.4881109297275543, 0.4373416304588318, 0.4250478148460388, 0.4199971556663513, 0.4172157943248749, 0.4147522449493408, 0.4122579097747803], "accuracy": [0.5133703947067261, 0.833824098110199, 0.8512592315673828, 0.8542870283126831, 0.856842577457428, 0.8557222485542297, 0.8561851978302002, 0.8572592735290527], "val_loss": [0.5889590382575989, 0.4491044878959656, 0.4558224380016327, 0.433601975440979, 0.4310948848724365, 0.4550212323665619, 0.43205028772354126, 0.4351883828639984], "val_accuracy": [0.7824166417121887, 0.8367499709129333, 0.831333339214325, 0.8428333401679993, 0.8420833349227905, 0.8262500166893005, 0.8411666750907898, 0.8369166851043701]}