{"loss": [1.1396678686141968, 0.4984866678714752, 0.44752582907676697, 0.4321947395801544, 0.4230797588825226, 0.4186869263648987, 0.4162909686565399, 0.4134472906589508], "accuracy": [0.5004444718360901, 0.8322314620018005, 0.8492407202720642, 0.8527963161468506, 0.854962944984436, 0.856675922870636, 0.8567684888839722, 0.8572962880134583], "val_loss": [0.6106220483779907, 0.4585259258747101, 0.44045716524124146, 0.4371495246887207, 0.431000292301178, 0.4401245415210724, 0.43141332268714905, 0.4323173463344574], "val_accuracy": [0.7835000157356262, 0.8370833396911621, 0.8419166803359985, 0.840416669845581, 0.8433333039283752, 0.8363333344459534, 0.8413333296775818, 0.8410000205039978]}