{"loss": [1.1737531423568726, 0.9209589958190918, 0.9051975011825562, 0.9012239575386047, 0.9008733630180359, 0.899484395980835, 0.8999142050743103, 0.9005060195922852, 0.8990006446838379], "accuracy": [0.4699999988079071, 0.6243610978126526, 0.630314826965332, 0.6318796277046204, 0.6317777633666992, 0.6321573853492737, 0.6326296329498291, 0.6311944723129272, 0.6332777738571167], "val_loss": [0.9835164546966553, 0.9498229026794434, 0.9481808543205261, 0.9419557452201843, 0.948182225227356, 0.9414170980453491, 0.9432631731033325, 0.9447042346000671, 0.9422006011009216], "val_accuracy": [0.5911666750907898, 0.6088333129882812, 0.609666645526886, 0.6137499809265137, 0.609000027179718, 0.6148333549499512, 0.6118333339691162, 0.6115000247955322, 0.6137499809265137]}