{"loss": [0.7212674617767334, 0.43466320633888245, 0.42466574907302856, 0.4204368591308594, 0.4178531765937805, 0.41707417368888855, 0.4158099591732025], "accuracy": [0.7052222490310669, 0.8511852025985718, 0.8547870516777039, 0.8555185198783875, 0.856509268283844, 0.8571296334266663, 0.85659259557724], "val_loss": [0.437633216381073, 0.4371051490306854, 0.4278906583786011, 0.42713770270347595, 0.4315203130245209, 0.4300364851951599, 0.437112033367157], "val_accuracy": [0.8428333401679993, 0.8387500047683716, 0.8445000052452087, 0.847083330154419, 0.8416666388511658, 0.8430833220481873, 0.8391666412353516]}