{"loss": [1.0572354793548584, 0.9152263402938843, 0.9096255898475647, 0.9080743789672852, 0.906562328338623, 0.906413197517395, 0.9058457016944885, 0.9065610766410828], "accuracy": [0.5330277681350708, 0.6245555281639099, 0.6276666522026062, 0.627907395362854, 0.6282685399055481, 0.6291851997375488, 0.6299444437026978, 0.6296018362045288], "val_loss": [0.9632290005683899, 0.953636884689331, 0.9428038001060486, 0.9573099613189697, 0.9416720271110535, 0.9481406211853027, 0.9541917443275452, 0.947150468826294], "val_accuracy": [0.5996666550636292, 0.6065833568572998, 0.6140000224113464, 0.6057500243186951, 0.6152499914169312, 0.6059166789054871, 0.6037499904632568, 0.609000027179718]}