{"loss": [0.5833688974380493, 0.44162800908088684, 0.3950064480304718, 0.3599552512168884, 0.32427287101745605, 0.29216256737709045, 0.2606697678565979], "accuracy": [0.804018497467041, 0.8450740575790405, 0.8606666922569275, 0.8731389045715332, 0.8843981623649597, 0.8960370421409607, 0.9075092673301697], "val_loss": [0.44405290484428406, 0.4307774305343628, 0.42146769165992737, 0.4194871783256531, 0.42653271555900574, 0.42835041880607605, 0.4471621811389923], "val_accuracy": [0.8381666541099548, 0.8420833349227905, 0.846750020980835, 0.8454999923706055, 0.8453333377838135, 0.843916654586792, 0.8432499766349792]}