{"loss": [1.2038419246673584, 0.928525984287262, 0.9116707444190979, 0.9083112478256226, 0.9076454043388367, 0.9063805937767029, 0.9067010879516602, 0.9045467376708984, 0.904728353023529], "accuracy": [0.4252777695655823, 0.6183518767356873, 0.6261110901832581, 0.6286759376525879, 0.627657413482666, 0.6289536952972412, 0.6292314529418945, 0.6302499771118164, 0.6298148036003113], "val_loss": [1.0022246837615967, 0.953827977180481, 0.9588611125946045, 0.9464973211288452, 0.945065438747406, 0.9414072036743164, 0.944222092628479, 0.9468381404876709, 0.9455575346946716], "val_accuracy": [0.5725833177566528, 0.6046666502952576, 0.6012499928474426, 0.6129999756813049, 0.6156666874885559, 0.6140000224113464, 0.6139166951179504, 0.609749972820282, 0.6128333210945129]}