{"loss": [0.6126963496208191, 0.42085936665534973, 0.38685187697410583, 0.35719358921051025, 0.32823288440704346, 0.30258846282958984, 0.27942872047424316, 0.2553865313529968], "accuracy": [0.78424072265625, 0.852731466293335, 0.8623055815696716, 0.8711759448051453, 0.8807777762413025, 0.8895000219345093, 0.8970833420753479, 0.9058981537818909], "val_loss": [0.42687174677848816, 0.4127085506916046, 0.4174462854862213, 0.4192923307418823, 0.40904489159584045, 0.4225633442401886, 0.4356350600719452, 0.43765968084335327], "val_accuracy": [0.840833306312561, 0.8485000133514404, 0.8454999923706055, 0.84375, 0.8485000133514404, 0.8480833172798157, 0.8420833349227905, 0.8479166626930237]}