{"loss": [1.0861815214157104, 0.9151732921600342, 0.9075444936752319, 0.9072598218917847, 0.9065005779266357, 0.9048070311546326, 0.9043706655502319, 0.9040584564208984, 0.9051241278648376], "accuracy": [0.5152685046195984, 0.6255925893783569, 0.6290740966796875, 0.6289814710617065, 0.6295092701911926, 0.6316111087799072, 0.6295555830001831, 0.6294351816177368, 0.6306388974189758], "val_loss": [0.968822181224823, 0.9453470706939697, 0.9446191191673279, 0.9500533938407898, 0.953419029712677, 0.9440450072288513, 0.945151150226593, 0.9457040429115295, 0.9468303322792053], "val_accuracy": [0.5948333144187927, 0.6112499833106995, 0.6156666874885559, 0.6088333129882812, 0.6039166450500488, 0.6112499833106995, 0.6119999885559082, 0.6118333339691162, 0.612333357334137]}