{"loss": [1.2444514036178589, 0.9470153450965881, 0.9221767783164978, 0.9065428376197815, 0.8931225538253784, 0.8828586339950562, 0.8718748688697815, 0.8625853657722473, 0.8544847965240479, 0.8471037149429321, 0.8413674235343933, 0.8342360854148865, 0.8279733061790466, 0.8237093687057495], "accuracy": [0.49694445729255676, 0.6082314848899841, 0.6197500228881836, 0.6275925636291504, 0.633398175239563, 0.6390092372894287, 0.6436018347740173, 0.6470277905464172, 0.6503796577453613, 0.654712975025177, 0.6555833220481873, 0.6587777733802795, 0.6600462794303894, 0.6634073853492737], "val_loss": [0.9737956523895264, 0.9436025619506836, 0.9426344633102417, 0.9408553242683411, 0.9333175420761108, 0.9214264154434204, 0.9179362058639526, 0.9137998223304749, 0.907491147518158, 0.9199599027633667, 0.9013600945472717, 0.903578519821167, 0.9021923542022705, 0.9043989777565002], "val_accuracy": [0.6004999876022339, 0.6150000095367432, 0.6155833601951599, 0.6185833215713501, 0.6131666898727417, 0.6194999814033508, 0.6221666932106018, 0.622083306312561, 0.6244166493415833, 0.6205000281333923, 0.6299166679382324, 0.6294166445732117, 0.6296666860580444, 0.6271666884422302]}