{"loss": [0.9037492871284485, 0.4823667109012604, 0.45521610975265503, 0.44445279240608215, 0.43644586205482483, 0.43141889572143555, 0.42559686303138733, 0.42245349287986755, 0.4184964597225189, 0.41760730743408203, 0.41463571786880493], "accuracy": [0.5968703627586365, 0.8340185284614563, 0.8447315096855164, 0.8478425741195679, 0.8498981595039368, 0.8519814610481262, 0.8537777662277222, 0.8550000190734863, 0.8557500243186951, 0.855638861656189, 0.8572037220001221], "val_loss": [0.5395687818527222, 0.4628967344760895, 0.45947346091270447, 0.4435301423072815, 0.4434380829334259, 0.4348210394382477, 0.4365738034248352, 0.42853328585624695, 0.4340912699699402, 0.4342363774776459, 0.43306782841682434], "val_accuracy": [0.7928333282470703, 0.8314999938011169, 0.8320833444595337, 0.8372499942779541, 0.8371666669845581, 0.8398333191871643, 0.840499997138977, 0.8428333401679993, 0.8410000205039978, 0.8417500257492065, 0.8400833606719971]}