{"loss": [1.1260805130004883, 0.9114088416099548, 0.903724193572998, 0.901545524597168, 0.9017688632011414], "accuracy": [0.4984999895095825, 0.6287685036659241, 0.6309815049171448, 0.6311110854148865, 0.6320555806159973], "val_loss": [0.9690892696380615, 0.9442883133888245, 0.94744473695755, 0.9487678408622742, 0.9446239471435547], "val_accuracy": [0.597000002861023, 0.6150000095367432, 0.6118333339691162, 0.6056666374206543, 0.6152499914169312]}