{"loss": [0.7571487426757812, 0.4351339340209961, 0.42185065150260925, 0.41658443212509155, 0.4143969416618347, 0.41248926520347595], "accuracy": [0.7027222514152527, 0.852398157119751, 0.8551203608512878, 0.8568796515464783, 0.8571851849555969, 0.8579166531562805], "val_loss": [0.45688188076019287, 0.4409099221229553, 0.4302031695842743, 0.43363961577415466, 0.43694987893104553, 0.44113659858703613], "val_accuracy": [0.8339166641235352, 0.8383333086967468, 0.8433333039283752, 0.8383333086967468, 0.8386666774749756, 0.8352500200271606]}