{"loss": [1.3157464265823364, 1.0103789567947388, 0.9311691522598267, 0.9129003286361694, 0.9075908064842224, 0.9064304828643799, 0.9035083651542664, 0.9022481441497803, 0.9026079773902893, 0.9019343852996826, 0.9012025594711304], "accuracy": [0.35423147678375244, 0.5750277638435364, 0.6193240880966187, 0.6274352073669434, 0.6276759505271912, 0.6298055648803711, 0.6300555467605591, 0.6311203837394714, 0.6306111216545105, 0.6304907202720642, 0.6315092444419861], "val_loss": [1.1436115503311157, 0.9842777252197266, 0.9541739821434021, 0.9491713047027588, 0.9449720978736877, 0.9459608793258667, 0.9456415772438049, 0.9420655369758606, 0.9474387168884277, 0.9469401836395264, 0.9442800283432007], "val_accuracy": [0.5009999871253967, 0.5873333215713501, 0.6070833206176758, 0.6087499856948853, 0.6141666769981384, 0.6106666922569275, 0.609083354473114, 0.6134999990463257, 0.6085833311080933, 0.6100000143051147, 0.6156666874885559]}