{"loss": [1.2808432579040527, 0.9555152654647827, 0.9155855774879456, 0.9083054065704346, 0.9072518348693848, 0.9048710465431213], "accuracy": [0.38293519616127014, 0.6063888669013977, 0.6256666779518127, 0.6284722089767456, 0.627657413482666, 0.6289073824882507], "val_loss": [1.0630658864974976, 0.964980959892273, 0.9481619596481323, 0.9498874545097351, 0.9485399723052979, 0.9626856446266174], "val_accuracy": [0.5555833578109741, 0.5993333458900452, 0.6110833287239075, 0.6083333492279053, 0.6078333258628845, 0.6002500057220459]}