{"loss": [1.2432200908660889, 0.9579046368598938, 0.9078410267829895, 0.8853183388710022, 0.8675848245620728, 0.8554461598396301, 0.8455966711044312, 0.8351292610168457, 0.8289021849632263, 0.8226311206817627, 0.8174587488174438, 0.8129560947418213, 0.8082057237625122, 0.8002496957778931], "accuracy": [0.5390740633010864, 0.6033333539962769, 0.6239537000656128, 0.6360277533531189, 0.6448518633842468, 0.6493703722953796, 0.6534351706504822, 0.6589444279670715, 0.6615370512008667, 0.6637499928474426, 0.6667314767837524, 0.6685647964477539, 0.6687315106391907, 0.6740000247955322], "val_loss": [0.9536677002906799, 0.9445328712463379, 0.9236701726913452, 0.9196162819862366, 0.9123336672782898, 0.914806067943573, 0.9114304184913635, 0.910373866558075, 0.9032385945320129, 0.9105186462402344, 0.9000402092933655, 0.9003070592880249, 0.9013672471046448, 0.9020684957504272], "val_accuracy": [0.6115833520889282, 0.609749972820282, 0.6232500076293945, 0.6211666464805603, 0.625166654586792, 0.6240833401679993, 0.6234166622161865, 0.627916693687439, 0.628250002861023, 0.6236666440963745, 0.6301666498184204, 0.6303333044052124, 0.6312500238418579, 0.6287500262260437]}